{"label": "culture", "vectors": [{"\u00c0": 0.0034547556247424838, " ": 0.2581081114426704, "la": 0.0207285337484549, "BnF": 0.0021797081149683814, ",": 0.030162204689287684, "minute": 0.0021797081149683814, "glorieuse": 0.0021797081149683814, "du": 0.0069095112494849675, "papillon": 0.0021797081149683814, ".": 0.0161317569651669, "Vingt": 0.0021797081149683814, "-cinq": 0.0021797081149683814, "ans": 0.0034547556247424838, "apr\u00e8s": 0.0034547556247424838, "sa": 0.004359416229936763, "cr\u00e9ation": 0.0021797081149683814, "biblioth\u00e8que": 0.0021797081149683814, "num\u00e9rique": 0.0021797081149683814, "Gallica": 0.0021797081149683814, "franchit": 0.0021797081149683814, "avec": 0.004359416229936763, "un": 0.006119214305205387, "ouvrage": 0.0021797081149683814, "illustr\u00e9": 0.0021797081149683814, "de": 0.015081102344643842, "1925": 0.0021797081149683814, "le": 0.005634463739710865, "cap": 0.0021797081149683814, "des": 0.005061125510799058, "dix": 0.0021797081149683814, "millions": 0.0021797081149683814, "documents": 0.0021797081149683814, "accessibles": 0.0021797081149683814, "en": 0.005634463739710865, "ligne": 0.0021797081149683814}, {"La": 0.004359416229936763, " ": 0.3145692608207545, "chronique": 0.0021797081149683814, "d'": 0.006539124344905144, "\u00c9ric": 0.0021797081149683814, "Neuhoff": 0.0021797081149683814, ":": 0.005061125510799058, "Les": 0.004359416229936763, "trois": 0.0021797081149683814, "mousquetaires": 0.0021797081149683814, ",": 0.030162204689287684, "Artagnan": 0.0021797081149683814, "un": 0.006119214305205387, "galop": 0.0021797081149683814, "enfer": 0.0021797081149683814, ".": 0.024197635447750346, "Ma": 0.006119214305205387, "rtin": 0.0021797081149683814, "Bourboulon": 0.0021797081149683814, "signe": 0.0021797081149683814, "une": 0.010122251021598116, "nouvelle": 0.0021797081149683814, "adaptation": 0.0021797081149683814, "nerveuse": 0.0021797081149683814, "\u00e0": 0.006539124344905144, "souhait": 0.0021797081149683814, "du": 0.0069095112494849675, "roman": 0.0021797081149683814, "de": 0.02262165351696576, "Dumas": 0.0021797081149683814, "Il": 0.0034547556247424838, "intronise": 0.0021797081149683814, "dans": 0.004359416229936763, "ce": 0.0021797081149683814, "premier": 0.0021797081149683814, "volet": 0.0021797081149683814, "pl\u00e9iade": 0.0021797081149683814, "h\u00e9ros": 0.0021797081149683814, "bondissants": 0.0021797081149683814, "et": 0.0069095112494849675, "seconds": 0.0021797081149683814, "r\u00f4les": 0.0021797081149683814, "r\u00e9jouissants": 0.0021797081149683814}, {"Florent": 0.004359416229936763, " ": 0.4194256810943393, "Pagny": 0.004359416229936763, ":": 0.005061125510799058, "\u00ab": 0.004359416229936763, "Je": 0.0021797081149683814, "ne": 0.008718832459873526, "pense": 0.0021797081149683814, "jamais": 0.0021797081149683814, "\u00e0": 0.006539124344905144, "mon": 0.0021797081149683814, "cancer": 0.0021797081149683814, ",": 0.030162204689287684, "j'": 0.0021797081149683814, "en": 0.005634463739710865, "parle": 0.0021797081149683814, "mais": 0.0021797081149683814, "je": 0.0021797081149683814, "le": 0.01126892747942173, "rumine": 0.0021797081149683814, "pas": 0.004359416229936763, "\u00bb": 0.004359416229936763, ".": 0.056461149378084136, "INTERVIEW": 0.0021797081149683814, "EXCLUSIVE": 0.0021797081149683814, "-": 0.0034547556247424838, "\u00c0": 0.0034547556247424838, "61": 0.0021797081149683814, "ans": 0.0034547556247424838, "chanteur": 0.0021797081149683814, "publie": 0.0021797081149683814, "son": 0.0021797081149683814, "autobiographie": 0.0021797081149683814, "par": 0.0034547556247424838, "Nous": 0.0021797081149683814, "l'": 0.004359416229936763, "avons": 0.0021797081149683814, "longuement": 0.0021797081149683814, "rencontr\u00e9": 0.0021797081149683814, "dimanche": 0.0034547556247424838, "2": 0.004359416229936763, "avril": 0.005061125510799058, "Cancer": 0.0021797081149683814, "travers\u00e9e": 0.0021797081149683814, "du": 0.0069095112494849675, "d\u00e9sert": 0.0021797081149683814, "The": 0.0021797081149683814, "Voice": 0.0021797081149683814, "Il": 0.0034547556247424838, "revient": 0.0021797081149683814, "sur": 0.004359416229936763, "sa": 0.004359416229936763, "vie": 0.0034547556247424838, "avec": 0.004359416229936763, "g\u00e9n\u00e9rosit\u00e9": 0.0021797081149683814, "et": 0.0069095112494849675, "sans": 0.0021797081149683814, "tabou": 0.0021797081149683814}]}